<?xml version="1.0" encoding="utf-8"?>
<ProjectInfo>
	<Project Name="Project3" GUID="{911C9302-4A7F-45BA-B734-E76FC60A11C4}" Generator="2022.1.2.8150"/>
	<CacheRoot>../.cache</CacheRoot>
	<Platforms>
		<Platform Name="Windows" GUID="{D2537543-88CE-4628-A209-A4DC8812F2E1}" BasePlatform="Windows" BasePlatformGUID="{6E0CB257-C6C8-4C5C-8366-2740DFC441EB}" Path="Windows"/>
	</Platforms>
	<Languages>
		<Language Name="English(US)" Id="684519430" GUID="{FD42589B-2B85-4BF3-A339-7C8525999194}" Default="true" UseAsStandIn="true"/>
	</Languages>
	<FileHash>{EE689548-56E1-FCA1-AF02-FF205690657E}</FileHash>
</ProjectInfo>
