<?xml version="1.0" encoding="utf-8"?>
<PlatformInfo>
	<Platform Name="Windows" BasePlatform="Windows" Generator="2022.1.2.8150"/>
	<RootPaths>
		<ProjectRoot>../..</ProjectRoot>
		<SourceFilesRoot>../../.cache/Windows</SourceFilesRoot>
		<SoundBanksRoot>.</SoundBanksRoot>
		<ExternalSourcesInputFile></ExternalSourcesInputFile>
		<ExternalSourcesOutputRoot>.</ExternalSourcesOutputRoot>
	</RootPaths>
	<DefaultAlign>16</DefaultAlign>
	<Settings>
		<AutoSoundBankDefinition>false</AutoSoundBankDefinition>
		<CopyLooseStreamedMediaFiles>true</CopyLooseStreamedMediaFiles>
		<SubFoldersForGeneratedFiles>false</SubFoldersForGeneratedFiles>
		<RemoveUnusedGeneratedFiles>true</RemoveUnusedGeneratedFiles>
		<SourceControlGeneratedFiles>false</SourceControlGeneratedFiles>
		<GenerateHeaderFile>false</GenerateHeaderFile>
		<GenerateContentTxtFile>true</GenerateContentTxtFile>
		<GenerateMetadataXML>true</GenerateMetadataXML>
		<GenerateMetadataJSON>false</GenerateMetadataJSON>
		<GenerateAllBanksMetadata>true</GenerateAllBanksMetadata>
		<GeneratePerBankMetadata>false</GeneratePerBankMetadata>
		<UseSoundBankNames>true</UseSoundBankNames>
		<AllowExceedingMaxSize>false</AllowExceedingMaxSize>
		<MaxAttenuationInfo>false</MaxAttenuationInfo>
		<EstimatedDurationInfo>false</EstimatedDurationInfo>
		<PrintObjectGuid>false</PrintObjectGuid>
		<PrintObjectPath>false</PrintObjectPath>
	</Settings>
	<FileHash>{0A0A0653-65A3-DC34-301B-72A2C91B45BC}</FileHash>
</PlatformInfo>
