<?xml version="1.0" encoding="utf-8"?>
<SoundBanksInfo Platform="Windows" BasePlatform="Windows" SchemaVersion="16" SoundBankVersion="145">
	<RootPaths>
		<ProjectRoot>../..</ProjectRoot>
		<SourceFilesRoot>../../.cache/Windows</SourceFilesRoot>
		<SoundBanksRoot>.</SoundBanksRoot>
		<ExternalSourcesInputFile></ExternalSourcesInputFile>
		<ExternalSourcesOutputRoot>../../GeneratedSoundBanks/Windows</ExternalSourcesOutputRoot>
	</RootPaths>
	<DialogueEvents/>
	<SoundBanks>
		<SoundBank Id="1355168291" Type="User" Language="SFX" Hash="{66834572-B8EA-99A4-7528-A01A4873C5C2}">
			<ShortName>Init</ShortName>
			<Path>Init.bnk</Path>
			<Plugins>
				<AudioDevices>
					<Plugin Id="2317455096" Name="No_Output" LibName="No Output" LibId="11862023"/>
					<Plugin Id="3859886410" Name="System" LibName="System" LibId="11403271"/>
				</AudioDevices>
			</Plugins>
			<Busses>
				<Bus Id="3803692087" Name="Master Audio Bus"/>
			</Busses>
			<GameParameters>
				<GameParameter Id="822163944" Name="SS_Air_RPM"/>
				<GameParameter Id="1029930033" Name="SS_Air_Fury"/>
				<GameParameter Id="1351367891" Name="SS_Air_Fear"/>
				<GameParameter Id="2648548617" Name="SS_Air_Month"/>
				<GameParameter Id="3002758120" Name="SS_Air_Freefall"/>
				<GameParameter Id="3074696722" Name="SS_Air_Size"/>
				<GameParameter Id="3203397129" Name="SS_Air_TimeOfDay"/>
				<GameParameter Id="3715662592" Name="SS_Air_Storm"/>
				<GameParameter Id="3847924954" Name="SS_Air_Presence"/>
				<GameParameter Id="4160247818" Name="SS_Air_Turbulence"/>
			</GameParameters>
			<AcousticTextures>
				<AcousticTexture Id="504532776" Name="Brick">
					<Properties>
						<Property Name="AbsorptionLow" Type="Real32" Value="12"/>
						<Property Name="AbsorptionMidLow" Type="Real32" Value="18"/>
						<Property Name="AbsorptionMidHigh" Type="Real32" Value="23"/>
						<Property Name="AbsorptionHigh" Type="Real32" Value="35"/>
					</Properties>
				</AcousticTexture>
				<AcousticTexture Id="513139656" Name="Mountain">
					<Properties>
						<Property Name="AbsorptionLow" Type="Real32" Value="0"/>
						<Property Name="AbsorptionMidLow" Type="Real32" Value="0"/>
						<Property Name="AbsorptionMidHigh" Type="Real32" Value="0"/>
						<Property Name="AbsorptionHigh" Type="Real32" Value="0"/>
					</Properties>
				</AcousticTexture>
				<AcousticTexture Id="841620460" Name="Concrete">
					<Properties>
						<Property Name="AbsorptionLow" Type="Real32" Value="6"/>
						<Property Name="AbsorptionMidLow" Type="Real32" Value="6"/>
						<Property Name="AbsorptionMidHigh" Type="Real32" Value="6"/>
						<Property Name="AbsorptionHigh" Type="Real32" Value="14"/>
					</Properties>
				</AcousticTexture>
				<AcousticTexture Id="1755085759" Name="Wood_Deep">
					<Properties>
						<Property Name="AbsorptionLow" Type="Real32" Value="1"/>
						<Property Name="AbsorptionMidLow" Type="Real32" Value="8"/>
						<Property Name="AbsorptionMidHigh" Type="Real32" Value="20"/>
						<Property Name="AbsorptionHigh" Type="Real32" Value="35"/>
					</Properties>
				</AcousticTexture>
				<AcousticTexture Id="1873957695" Name="Anechoic">
					<Properties>
						<Property Name="AbsorptionLow" Type="Real32" Value="100"/>
						<Property Name="AbsorptionMidLow" Type="Real32" Value="100"/>
						<Property Name="AbsorptionMidHigh" Type="Real32" Value="100"/>
						<Property Name="AbsorptionHigh" Type="Real32" Value="100"/>
					</Properties>
				</AcousticTexture>
				<AcousticTexture Id="1970351858" Name="Fabric">
					<Properties>
						<Property Name="AbsorptionLow" Type="Real32" Value="3"/>
						<Property Name="AbsorptionMidLow" Type="Real32" Value="13"/>
						<Property Name="AbsorptionMidHigh" Type="Real32" Value="48"/>
						<Property Name="AbsorptionHigh" Type="Real32" Value="72"/>
					</Properties>
				</AcousticTexture>
				<AcousticTexture Id="2058049674" Name="Wood">
					<Properties>
						<Property Name="AbsorptionLow" Type="Real32" Value="32"/>
						<Property Name="AbsorptionMidLow" Type="Real32" Value="25"/>
						<Property Name="AbsorptionMidHigh" Type="Real32" Value="20"/>
						<Property Name="AbsorptionHigh" Type="Real32" Value="35"/>
					</Properties>
				</AcousticTexture>
				<AcousticTexture Id="2412606308" Name="Carpet">
					<Properties>
						<Property Name="AbsorptionLow" Type="Real32" Value="46"/>
						<Property Name="AbsorptionMidLow" Type="Real32" Value="45"/>
						<Property Name="AbsorptionMidHigh" Type="Real32" Value="76"/>
						<Property Name="AbsorptionHigh" Type="Real32" Value="100"/>
					</Properties>
				</AcousticTexture>
				<AcousticTexture Id="2637588553" Name="Tile">
					<Properties>
						<Property Name="AbsorptionLow" Type="Real32" Value="67"/>
						<Property Name="AbsorptionMidLow" Type="Real32" Value="41"/>
						<Property Name="AbsorptionMidHigh" Type="Real32" Value="12"/>
						<Property Name="AbsorptionHigh" Type="Real32" Value="0"/>
					</Properties>
				</AcousticTexture>
				<AcousticTexture Id="2928161104" Name="Curtains">
					<Properties>
						<Property Name="AbsorptionLow" Type="Real32" Value="7"/>
						<Property Name="AbsorptionMidLow" Type="Real32" Value="60"/>
						<Property Name="AbsorptionMidHigh" Type="Real32" Value="0"/>
						<Property Name="AbsorptionHigh" Type="Real32" Value="84"/>
					</Properties>
				</AcousticTexture>
				<AcousticTexture Id="3195498748" Name="Cork_Tiles">
					<Properties>
						<Property Name="AbsorptionLow" Type="Real32" Value="14"/>
						<Property Name="AbsorptionMidLow" Type="Real32" Value="30"/>
						<Property Name="AbsorptionMidHigh" Type="Real32" Value="73"/>
						<Property Name="AbsorptionHigh" Type="Real32" Value="100"/>
					</Properties>
				</AcousticTexture>
				<AcousticTexture Id="3670307564" Name="Drywall">
					<Properties>
						<Property Name="AbsorptionLow" Type="Real32" Value="2"/>
						<Property Name="AbsorptionMidLow" Type="Real32" Value="2"/>
						<Property Name="AbsorptionMidHigh" Type="Real32" Value="2"/>
						<Property Name="AbsorptionHigh" Type="Real32" Value="2"/>
					</Properties>
				</AcousticTexture>
				<AcousticTexture Id="4168643977" Name="Acoustic_Banner">
					<Properties>
						<Property Name="AbsorptionLow" Type="Real32" Value="37"/>
						<Property Name="AbsorptionMidLow" Type="Real32" Value="100"/>
						<Property Name="AbsorptionMidHigh" Type="Real32" Value="100"/>
						<Property Name="AbsorptionHigh" Type="Real32" Value="100"/>
					</Properties>
				</AcousticTexture>
				<AcousticTexture Id="4262522749" Name="Wood_Bright">
					<Properties>
						<Property Name="AbsorptionLow" Type="Real32" Value="32"/>
						<Property Name="AbsorptionMidLow" Type="Real32" Value="25"/>
						<Property Name="AbsorptionMidHigh" Type="Real32" Value="10"/>
						<Property Name="AbsorptionHigh" Type="Real32" Value="9"/>
					</Properties>
				</AcousticTexture>
			</AcousticTextures>
		</SoundBank>
		<SoundBank Id="2081067388" Type="User" Language="SFX" Hash="{60F6E000-8730-31DB-619F-396A8815009E}">
			<ShortName>Player_soundbank</ShortName>
			<Path>Player_soundbank.bnk</Path>
			<Media>
				<File Id="418562462" Language="SFX" Streaming="false" Location="Memory">
					<ShortName>FootstepMetal02.wav</ShortName>
					<CachePath>SFX/FootstepMetal02_10C4C929.wem</CachePath>
				</File>
				<File Id="524945233" Language="SFX" Streaming="false" Location="Memory">
					<ShortName>FootstepMetal04.wav</ShortName>
					<CachePath>SFX/FootstepMetal04_10C4C929.wem</CachePath>
				</File>
				<File Id="537205970" Language="SFX" Streaming="false" Location="Memory">
					<ShortName>FootstepMetal01.wav</ShortName>
					<CachePath>SFX/FootstepMetal01_10C4C929.wem</CachePath>
				</File>
				<File Id="539232596" Language="SFX" Streaming="false" Location="Memory">
					<ShortName>Sci_Fi_Shot_Element.wav</ShortName>
					<CachePath>SFX/Sci_Fi_Shot_Element_10C4C929.wem</CachePath>
				</File>
				<File Id="557765093" Language="SFX" Streaming="false" Location="Memory">
					<ShortName>FootstepMetal08.wav</ShortName>
					<CachePath>SFX/FootstepMetal08_10C4C929.wem</CachePath>
				</File>
				<File Id="604386515" Language="SFX" Streaming="false" Location="Memory">
					<ShortName>FootstepMetal03.wav</ShortName>
					<CachePath>SFX/FootstepMetal03_10C4C929.wem</CachePath>
				</File>
				<File Id="645811211" Language="SFX" Streaming="false" Location="Memory">
					<ShortName>FootstepMetal05.wav</ShortName>
					<CachePath>SFX/FootstepMetal05_10C4C929.wem</CachePath>
				</File>
				<File Id="883523052" Language="SFX" Streaming="false" Location="Memory">
					<ShortName>FootstepMetal07.wav</ShortName>
					<CachePath>SFX/FootstepMetal07_10C4C929.wem</CachePath>
				</File>
				<File Id="1046599716" Language="SFX" Streaming="false" Location="Memory">
					<ShortName>FootstepMetal06.wav</ShortName>
					<CachePath>SFX/FootstepMetal06_10C4C929.wem</CachePath>
				</File>
			</Media>
			<Events>
				<Event Id="4004702906" Name="player_shoot">
					<MediaRefs>
						<MediaRef Id="539232596"/>
					</MediaRefs>
				</Event>
				<Event Id="2147561130" Name="player_walk">
					<MediaRefs>
						<MediaRef Id="418562462"/>
						<MediaRef Id="524945233"/>
						<MediaRef Id="537205970"/>
						<MediaRef Id="557765093"/>
						<MediaRef Id="604386515"/>
						<MediaRef Id="645811211"/>
						<MediaRef Id="883523052"/>
						<MediaRef Id="1046599716"/>
					</MediaRefs>
				</Event>
			</Events>
		</SoundBank>
	</SoundBanks>
	<FileHash>{4668FF74-3BC6-56CC-55D6-B9CEF0601E59}</FileHash>
</SoundBanksInfo>
